customer_id,name,email,signup_date,segment,_loaded_at
C001,Joshua Davis,joshua.davis1@example.com,2023-02-21,smb,2026-01-15T00:00:00Z
C002,Linda Anderson,linda.anderson2@example.com,2023-10-13,enterprise,2026-01-15T00:00:00Z
C003,Ruth Mitchell,ruth.mitchell3@example.com,2023-06-28,startup,2026-01-15T00:00:00Z
C004,Michael Johnson,michael.johnson4@example.com,2023-07-11,mid_market,2026-01-15T00:00:00Z
C005,Thomas Allen,thomas.allen5@example.com,2023-02-24,mid_market,2026-01-15T00:00:00Z
C006,Sharon Adams,sharon.adams6@example.com,2025-05-09,mid_market,2026-01-15T00:00:00Z
C007,Mark Nguyen,mark.nguyen7@example.com,2024-07-23,enterprise,2026-01-15T00:00:00Z
C008,Ronald Hernandez,ronald.hernandez8@example.com,2025-05-15,smb,2026-01-15T00:00:00Z
C009,Barbara Martinez,barbara.martinez9@example.com,2024-03-16,smb,2026-01-15T00:00:00Z
C010,Robert Garcia,robert.garcia10@example.com,2025-02-17,enterprise,2026-01-15T00:00:00Z
C011,Joseph Thompson,joseph.thompson11@example.com,2024-06-25,enterprise,2026-01-15T00:00:00Z
C012,Edward Robinson,edward.robinson12@example.com,2023-09-13,startup,2026-01-15T00:00:00Z
C013,Emily Scott,emily.scott13@example.com,2024-08-23,smb,2026-01-15T00:00:00Z
C014,Kenneth Gonzalez,kenneth.gonzalez14@example.com,2023-05-23,enterprise,2026-01-15T00:00:00Z
C015,Kevin Anderson,kevin.anderson15@example.com,2024-08-15,enterprise,2026-01-15T00:00:00Z
C016,Thomas Miller,thomas.miller16@example.com,2025-02-17,smb,2026-01-15T00:00:00Z
C017,Nancy Green,nancy.green17@example.com,2025-01-17,mid_market,2026-01-15T00:00:00Z
C018,Jessica Thompson,jessica.thompson18@example.com,2024-03-05,smb,2026-01-15T00:00:00Z
C019,Brian Baker,brian.baker19@example.com,2023-05-27,mid_market,2026-01-15T00:00:00Z
C020,Paul Campbell,paul.campbell20@example.com,2024-05-16,mid_market,2026-01-15T00:00:00Z
C021,Nancy Harris,nancy.harris21@example.com,2024-07-06,mid_market,2026-01-15T00:00:00Z
C022,Ruth Lee,ruth.lee22@example.com,2023-04-25,mid_market,2026-01-15T00:00:00Z
C023,Michael Lee,michael.lee23@example.com,2025-04-01,smb,2026-01-15T00:00:00Z
C024,David Wilson,david.wilson24@example.com,2024-10-06,mid_market,2026-01-15T00:00:00Z
C025,Carol Young,carol.young25@example.com,2025-03-21,startup,2026-01-15T00:00:00Z
C026,Mary Taylor,mary.taylor26@example.com,2023-10-13,mid_market,2026-01-15T00:00:00Z
C027,Michelle Scott,michelle.scott27@example.com,2024-06-22,startup,2026-01-15T00:00:00Z
C028,Sandra Sanchez,sandra.sanchez28@example.com,2025-01-11,mid_market,2026-01-15T00:00:00Z
C029,James Allen,james.allen29@example.com,2025-10-07,enterprise,2026-01-15T00:00:00Z
C030,Ronald Brown,ronald.brown30@example.com,2023-08-13,mid_market,2026-01-15T00:00:00Z
C031,Joshua Hernandez,joshua.hernandez31@example.com,2025-05-14,enterprise,2026-01-15T00:00:00Z
C032,Christopher Harris,christopher.harris32@example.com,2025-08-16,smb,2026-01-15T00:00:00Z
C033,Helen Smith,helen.smith33@example.com,2023-08-23,smb,2026-01-15T00:00:00Z
C034,Laura Adams,laura.adams34@example.com,2024-11-27,enterprise,2026-01-15T00:00:00Z
C035,Daniel Ramirez,daniel.ramirez35@example.com,2023-11-20,startup,2026-01-15T00:00:00Z
C036,John Campbell,john.campbell36@example.com,2024-06-23,mid_market,2026-01-15T00:00:00Z
C037,Steven Miller,steven.miller37@example.com,2024-09-03,mid_market,2026-01-15T00:00:00Z
C038,Mary White,mary.white38@example.com,2023-11-27,enterprise,2026-01-15T00:00:00Z
C039,George Lee,george.lee39@example.com,2025-09-27,enterprise,2026-01-15T00:00:00Z
C040,Lisa White,lisa.white40@example.com,2024-09-21,mid_market,2026-01-15T00:00:00Z
C041,Sarah Thomas,sarah.thomas41@example.com,2023-06-11,enterprise,2026-01-15T00:00:00Z
C042,Edward Young,edward.young42@example.com,2023-05-22,mid_market,2026-01-15T00:00:00Z
C043,James Nelson,james.nelson43@example.com,2025-08-31,mid_market,2026-01-15T00:00:00Z
C044,Charles King,charles.king44@example.com,2025-05-16,mid_market,2026-01-15T00:00:00Z
C045,Paul Carter,paul.carter45@example.com,2024-02-16,smb,2026-01-15T00:00:00Z
C046,Margaret Nelson,margaret.nelson46@example.com,2025-02-03,startup,2026-01-15T00:00:00Z
C047,Betty Lewis,betty.lewis47@example.com,2023-09-05,mid_market,2026-01-15T00:00:00Z
C048,Thomas Jones,thomas.jones48@example.com,2024-11-23,enterprise,2026-01-15T00:00:00Z
C049,Sandra Scott,sandra.scott49@example.com,2024-04-16,mid_market,2026-01-15T00:00:00Z
C050,John Jones,john.jones50@example.com,2023-05-01,mid_market,2026-01-15T00:00:00Z
C051,David Williams,david.williams51@example.com,2024-11-07,enterprise,2026-01-15T00:00:00Z
C052,Steven Thomas,steven.thomas52@example.com,2024-07-24,startup,2026-01-15T00:00:00Z
C053,Jennifer Wright,jennifer.wright53@example.com,2023-09-28,startup,2026-01-15T00:00:00Z
C054,Linda Walker,linda.walker54@example.com,2025-04-13,mid_market,2026-01-15T00:00:00Z
C055,Robert Miller,robert.miller55@example.com,2025-06-01,smb,2026-01-15T00:00:00Z
C056,Dorothy Clark,dorothy.clark56@example.com,2025-08-14,enterprise,2026-01-15T00:00:00Z
C057,Ruth Adams,ruth.adams57@example.com,2023-07-21,enterprise,2026-01-15T00:00:00Z
C058,Margaret Campbell,margaret.campbell58@example.com,2024-11-25,enterprise,2026-01-15T00:00:00Z
C059,Linda Gonzalez,linda.gonzalez59@example.com,2024-01-25,startup,2026-01-15T00:00:00Z
C060,James Ramirez,james.ramirez60@example.com,2024-01-11,smb,2026-01-15T00:00:00Z
C061,Nancy Thomas,nancy.thomas61@example.com,2023-06-04,startup,2026-01-15T00:00:00Z
C062,Rebecca Scott,rebecca.scott62@example.com,2023-07-20,enterprise,2026-01-15T00:00:00Z
C063,Carol Wright,carol.wright63@example.com,2023-01-31,enterprise,2026-01-15T00:00:00Z
C064,Ronald Thomas,ronald.thomas64@example.com,2023-12-07,startup,2026-01-15T00:00:00Z
C065,Karen Walker,karen.walker65@example.com,2024-03-13,startup,2026-01-15T00:00:00Z
C066,Sarah Hernandez,sarah.hernandez66@example.com,2025-02-15,enterprise,2026-01-15T00:00:00Z
C067,Christopher Taylor,christopher.taylor67@example.com,2025-07-20,smb,2026-01-15T00:00:00Z
C068,Dorothy Hall,dorothy.hall68@example.com,2025-09-23,mid_market,2026-01-15T00:00:00Z
C069,Richard Jackson,richard.jackson69@example.com,2024-03-21,enterprise,2026-01-15T00:00:00Z
C070,Sandra Mitchell,sandra.mitchell70@example.com,2023-05-05,smb,2026-01-15T00:00:00Z
C071,Sarah Brown,sarah.brown71@example.com,2025-09-03,mid_market,2026-01-15T00:00:00Z
C072,Sarah Allen,sarah.allen72@example.com,2023-06-14,mid_market,2026-01-15T00:00:00Z
C073,David Hill,david.hill73@example.com,2023-05-20,mid_market,2026-01-15T00:00:00Z
C074,Margaret Davis,margaret.davis74@example.com,2024-05-19,enterprise,2026-01-15T00:00:00Z
C075,Donna Garcia,donna.garcia75@example.com,2025-05-08,smb,2026-01-15T00:00:00Z
C076,Charles Wilson,charles.wilson76@example.com,2024-10-05,mid_market,2026-01-15T00:00:00Z
C077,Charles Sanchez,charles.sanchez77@example.com,2023-09-26,smb,2026-01-15T00:00:00Z
C078,Nancy Lee,nancy.lee78@example.com,2023-05-29,enterprise,2026-01-15T00:00:00Z
C079,Nancy Flores,nancy.flores79@example.com,2023-07-24,enterprise,2026-01-15T00:00:00Z
C080,Paul Wilson,paul.wilson80@example.com,2025-11-02,smb,2026-01-15T00:00:00Z
C081,James Thompson,james.thompson81@example.com,2023-05-21,mid_market,2026-01-15T00:00:00Z
C082,Jessica Jackson,jessica.jackson82@example.com,2023-11-20,startup,2026-01-15T00:00:00Z
C083,Paul Rivera,paul.rivera83@example.com,2024-09-11,enterprise,2026-01-15T00:00:00Z
C084,Kevin Scott,kevin.scott84@example.com,2024-09-05,enterprise,2026-01-15T00:00:00Z
C085,James Taylor,james.taylor85@example.com,2023-08-25,enterprise,2026-01-15T00:00:00Z
C086,Michelle Scott,michelle.scott86@example.com,2023-11-15,smb,2026-01-15T00:00:00Z
C087,Daniel Hill,daniel.hill87@example.com,2024-03-07,smb,2026-01-15T00:00:00Z
C088,Jennifer Baker,jennifer.baker88@example.com,2024-06-24,startup,2026-01-15T00:00:00Z
C089,Charles Brown,charles.brown89@example.com,2023-07-09,startup,2026-01-15T00:00:00Z
C090,Barbara Williams,barbara.williams90@example.com,2023-01-08,smb,2026-01-15T00:00:00Z
C091,Laura Rodriguez,laura.rodriguez91@example.com,2024-06-20,mid_market,2026-01-15T00:00:00Z
C092,Michelle Lewis,michelle.lewis92@example.com,2025-05-25,enterprise,2026-01-15T00:00:00Z
C093,Lisa Jones,lisa.jones93@example.com,2023-11-02,enterprise,2026-01-15T00:00:00Z
C094,Jessica Nguyen,jessica.nguyen94@example.com,2023-10-31,startup,2026-01-15T00:00:00Z
C095,James Williams,james.williams95@example.com,2024-09-23,smb,2026-01-15T00:00:00Z
C096,Anthony Williams,anthony.williams96@example.com,2025-01-02,mid_market,2026-01-15T00:00:00Z
C097,Ruth Thomas,ruth.thomas97@example.com,2023-07-30,smb,2026-01-15T00:00:00Z
C098,Laura Scott,laura.scott98@example.com,2025-04-12,mid_market,2026-01-15T00:00:00Z
C099,Linda Hernandez,linda.hernandez99@example.com,2023-12-29,startup,2026-01-15T00:00:00Z
C100,Jane Lopez,jane.lopez100@example.com,2024-11-11,startup,2026-01-15T00:00:00Z
C101,Rebecca Nelson,rebecca.nelson101@example.com,2024-05-23,smb,2026-01-15T00:00:00Z
C102,William Hall,william.hall102@example.com,2023-08-10,startup,2026-01-15T00:00:00Z
C103,Michael Walker,michael.walker103@example.com,2024-03-31,mid_market,2026-01-15T00:00:00Z
C104,Nancy Thompson,nancy.thompson104@example.com,2024-09-17,mid_market,2026-01-15T00:00:00Z
C105,Thomas Johnson,thomas.johnson105@example.com,2024-01-31,startup,2026-01-15T00:00:00Z
C106,Susan Moore,susan.moore106@example.com,2023-05-23,smb,2026-01-15T00:00:00Z
C107,Joseph Adams,joseph.adams107@example.com,2025-11-09,startup,2026-01-15T00:00:00Z
C108,Ruth Wright,ruth.wright108@example.com,2024-11-09,enterprise,2026-01-15T00:00:00Z
C109,Lisa Taylor,lisa.taylor109@example.com,2024-01-01,smb,2026-01-15T00:00:00Z
C110,Michael Miller,michael.miller110@example.com,2025-06-08,smb,2026-01-15T00:00:00Z
C111,Edward Lee,edward.lee111@example.com,2025-06-12,enterprise,2026-01-15T00:00:00Z
C112,Christopher Torres,christopher.torres112@example.com,2024-01-25,smb,2026-01-15T00:00:00Z
C113,Michael Rivera,michael.rivera113@example.com,2025-06-12,enterprise,2026-01-15T00:00:00Z
C114,Betty Wright,betty.wright114@example.com,2024-02-08,smb,2026-01-15T00:00:00Z
C115,Dorothy Jones,dorothy.jones115@example.com,2024-11-07,smb,2026-01-15T00:00:00Z
C116,Kevin Davis,kevin.davis116@example.com,2024-09-07,smb,2026-01-15T00:00:00Z
C117,Kevin Clark,kevin.clark117@example.com,2024-10-30,startup,2026-01-15T00:00:00Z
C118,Brian Jackson,brian.jackson118@example.com,2023-09-18,mid_market,2026-01-15T00:00:00Z
C119,Andrew Nelson,andrew.nelson119@example.com,2025-02-15,mid_market,2026-01-15T00:00:00Z
C120,Donna Torres,donna.torres120@example.com,2024-09-08,startup,2026-01-15T00:00:00Z
C121,Helen Smith,helen.smith121@example.com,2024-09-14,smb,2026-01-15T00:00:00Z
C122,Jennifer Ramirez,jennifer.ramirez122@example.com,2024-10-21,startup,2026-01-15T00:00:00Z
C123,Mark Lewis,mark.lewis123@example.com,2024-03-13,startup,2026-01-15T00:00:00Z
C124,Anthony Mitchell,anthony.mitchell124@example.com,2023-12-14,enterprise,2026-01-15T00:00:00Z
C125,Daniel Allen,daniel.allen125@example.com,2024-11-17,enterprise,2026-01-15T00:00:00Z
C126,Ronald Thomas,ronald.thomas126@example.com,2024-09-27,mid_market,2026-01-15T00:00:00Z
C127,Rebecca Gonzalez,rebecca.gonzalez127@example.com,2023-10-29,enterprise,2026-01-15T00:00:00Z
C128,Michael Thomas,michael.thomas128@example.com,2025-08-31,enterprise,2026-01-15T00:00:00Z
C129,Nancy Clark,nancy.clark129@example.com,2024-02-03,startup,2026-01-15T00:00:00Z
C130,Karen Sanchez,karen.sanchez130@example.com,2024-05-14,mid_market,2026-01-15T00:00:00Z
C131,Carol Hall,carol.hall131@example.com,2023-01-12,enterprise,2026-01-15T00:00:00Z
C132,Laura Ramirez,laura.ramirez132@example.com,2024-03-24,mid_market,2026-01-15T00:00:00Z
C133,Rebecca Hall,rebecca.hall133@example.com,2025-11-26,startup,2026-01-15T00:00:00Z
C134,Sarah Scott,sarah.scott134@example.com,2024-05-25,enterprise,2026-01-15T00:00:00Z
C135,Nancy Rodriguez,nancy.rodriguez135@example.com,2025-08-09,smb,2026-01-15T00:00:00Z
C136,Ronald Lewis,ronald.lewis136@example.com,2025-10-30,startup,2026-01-15T00:00:00Z
C137,Helen Lewis,helen.lewis137@example.com,2023-11-22,startup,2026-01-15T00:00:00Z
C138,Mark Taylor,mark.taylor138@example.com,2024-05-21,smb,2026-01-15T00:00:00Z
C139,Laura Roberts,laura.roberts139@example.com,2025-12-03,startup,2026-01-15T00:00:00Z
C140,Joshua Thomas,joshua.thomas140@example.com,2024-07-16,startup,2026-01-15T00:00:00Z
C141,David Rivera,david.rivera141@example.com,2024-08-08,mid_market,2026-01-15T00:00:00Z
C142,Barbara Perez,barbara.perez142@example.com,2024-10-16,enterprise,2026-01-15T00:00:00Z
C143,James Martinez,james.martinez143@example.com,2024-04-18,startup,2026-01-15T00:00:00Z
C144,Brian Martinez,brian.martinez144@example.com,2024-03-14,enterprise,2026-01-15T00:00:00Z
C145,Andrew Clark,andrew.clark145@example.com,2024-11-08,startup,2026-01-15T00:00:00Z
C146,Andrew Brown,andrew.brown146@example.com,2024-02-28,startup,2026-01-15T00:00:00Z
C147,Christopher Roberts,christopher.roberts147@example.com,2023-02-10,startup,2026-01-15T00:00:00Z
C148,Donald Smith,donald.smith148@example.com,2024-12-21,smb,2026-01-15T00:00:00Z
C149,Ronald Harris,ronald.harris149@example.com,2025-05-08,mid_market,2026-01-15T00:00:00Z
C150,Karen Anderson,karen.anderson150@example.com,2024-07-12,startup,2026-01-15T00:00:00Z
C151,Karen Johnson,karen.johnson151@example.com,2025-03-07,smb,2026-01-15T00:00:00Z
C152,Kevin Baker,kevin.baker152@example.com,2025-04-08,mid_market,2026-01-15T00:00:00Z
C153,Nancy Rodriguez,nancy.rodriguez153@example.com,2025-12-29,enterprise,2026-01-15T00:00:00Z
C154,Margaret Nguyen,margaret.nguyen154@example.com,2023-02-25,enterprise,2026-01-15T00:00:00Z
C155,Carol Ramirez,carol.ramirez155@example.com,2023-10-05,startup,2026-01-15T00:00:00Z
C156,Patricia Brown,patricia.brown156@example.com,2024-06-16,startup,2026-01-15T00:00:00Z
C157,Matthew Wilson,matthew.wilson157@example.com,2025-07-20,smb,2026-01-15T00:00:00Z
C158,Susan Carter,susan.carter158@example.com,2025-02-15,smb,2026-01-15T00:00:00Z
C159,Ronald Clark,ronald.clark159@example.com,2024-05-31,enterprise,2026-01-15T00:00:00Z
C160,Donald Johnson,donald.johnson160@example.com,2023-04-17,smb,2026-01-15T00:00:00Z
C161,Thomas Adams,thomas.adams161@example.com,2023-05-21,enterprise,2026-01-15T00:00:00Z
C162,Ronald Johnson,ronald.johnson162@example.com,2024-05-21,mid_market,2026-01-15T00:00:00Z
C163,Jane Flores,jane.flores163@example.com,2023-11-09,mid_market,2026-01-15T00:00:00Z
C164,James Walker,james.walker164@example.com,2023-08-23,mid_market,2026-01-15T00:00:00Z
C165,Nancy Hall,nancy.hall165@example.com,2024-06-08,smb,2026-01-15T00:00:00Z
C166,William Hill,william.hill166@example.com,2023-08-23,mid_market,2026-01-15T00:00:00Z
C167,Elizabeth Miller,elizabeth.miller167@example.com,2023-02-22,smb,2026-01-15T00:00:00Z
C168,Kenneth Baker,kenneth.baker168@example.com,2025-02-07,startup,2026-01-15T00:00:00Z
C169,Sharon Gonzalez,sharon.gonzalez169@example.com,2023-06-05,mid_market,2026-01-15T00:00:00Z
C170,Robert Hall,robert.hall170@example.com,2024-09-09,enterprise,2026-01-15T00:00:00Z
C171,Anthony Torres,anthony.torres171@example.com,2023-03-26,smb,2026-01-15T00:00:00Z
C172,Paul Ramirez,paul.ramirez172@example.com,2025-01-28,enterprise,2026-01-15T00:00:00Z
C173,Steven Adams,steven.adams173@example.com,2024-11-29,enterprise,2026-01-15T00:00:00Z
C174,Andrew Young,andrew.young174@example.com,2023-08-05,startup,2026-01-15T00:00:00Z
C175,Jessica Green,jessica.green175@example.com,2025-07-30,mid_market,2026-01-15T00:00:00Z
C176,Dorothy Lopez,dorothy.lopez176@example.com,2025-12-04,smb,2026-01-15T00:00:00Z
C177,Donna Wright,donna.wright177@example.com,2025-09-17,startup,2026-01-15T00:00:00Z
C178,Dorothy Campbell,dorothy.campbell178@example.com,2024-07-03,smb,2026-01-15T00:00:00Z
C179,Linda Garcia,linda.garcia179@example.com,2024-07-25,startup,2026-01-15T00:00:00Z
C180,Linda Carter,linda.carter180@example.com,2025-08-09,startup,2026-01-15T00:00:00Z
C181,Susan Johnson,susan.johnson181@example.com,2025-10-09,smb,2026-01-15T00:00:00Z
C182,Patricia Young,patricia.young182@example.com,2024-03-10,smb,2026-01-15T00:00:00Z
C183,Rebecca Taylor,rebecca.taylor183@example.com,2024-11-28,smb,2026-01-15T00:00:00Z
C184,George Hall,george.hall184@example.com,2024-07-19,enterprise,2026-01-15T00:00:00Z
C185,Betty Gonzalez,betty.gonzalez185@example.com,2023-06-25,mid_market,2026-01-15T00:00:00Z
C186,Edward Clark,edward.clark186@example.com,2025-09-27,mid_market,2026-01-15T00:00:00Z
C187,Brian Walker,brian.walker187@example.com,2025-10-02,startup,2026-01-15T00:00:00Z
C188,Anthony Johnson,anthony.johnson188@example.com,2023-07-10,smb,2026-01-15T00:00:00Z
C189,Thomas Sanchez,thomas.sanchez189@example.com,2024-05-13,smb,2026-01-15T00:00:00Z
C190,Kevin Nguyen,kevin.nguyen190@example.com,2025-01-25,startup,2026-01-15T00:00:00Z
C191,Helen King,helen.king191@example.com,2024-12-05,startup,2026-01-15T00:00:00Z
C192,Michelle Scott,michelle.scott192@example.com,2024-11-08,smb,2026-01-15T00:00:00Z
C193,Brian Robinson,brian.robinson193@example.com,2024-07-08,smb,2026-01-15T00:00:00Z
C194,Charles Anderson,charles.anderson194@example.com,2023-09-05,mid_market,2026-01-15T00:00:00Z
C195,Matthew Davis,matthew.davis195@example.com,2024-01-15,mid_market,2026-01-15T00:00:00Z
C196,Jennifer Mitchell,jennifer.mitchell196@example.com,2025-09-18,smb,2026-01-15T00:00:00Z
C197,Edward Nguyen,edward.nguyen197@example.com,2025-12-10,smb,2026-01-15T00:00:00Z
C198,Robert Gonzalez,robert.gonzalez198@example.com,2024-08-29,mid_market,2026-01-15T00:00:00Z
C199,Jessica Lopez,jessica.lopez199@example.com,2024-09-11,enterprise,2026-01-15T00:00:00Z
C200,Sharon Wright,sharon.wright200@example.com,2023-09-17,smb,2026-01-15T00:00:00Z
C201,Michael Brown,michael.brown201@example.com,2024-08-21,mid_market,2026-01-15T00:00:00Z
C202,Joshua Carter,joshua.carter202@example.com,2025-10-02,enterprise,2026-01-15T00:00:00Z
C203,John Torres,john.torres203@example.com,2024-08-05,startup,2026-01-15T00:00:00Z
C204,Donald Lewis,donald.lewis204@example.com,2024-11-28,mid_market,2026-01-15T00:00:00Z
C205,Sarah Taylor,sarah.taylor205@example.com,2025-09-05,enterprise,2026-01-15T00:00:00Z
C206,David Sanchez,david.sanchez206@example.com,2025-10-04,enterprise,2026-01-15T00:00:00Z
C207,Kenneth Green,kenneth.green207@example.com,2023-04-20,mid_market,2026-01-15T00:00:00Z
C208,Mary Torres,mary.torres208@example.com,2024-09-14,enterprise,2026-01-15T00:00:00Z
C209,Linda Davis,linda.davis209@example.com,2025-05-02,mid_market,2026-01-15T00:00:00Z
C210,Laura King,laura.king210@example.com,2025-02-18,startup,2026-01-15T00:00:00Z
C211,Mark Martin,mark.martin211@example.com,2025-05-28,smb,2026-01-15T00:00:00Z
C212,Kenneth Flores,kenneth.flores212@example.com,2023-05-04,enterprise,2026-01-15T00:00:00Z
C213,Ronald Wilson,ronald.wilson213@example.com,2024-03-08,smb,2026-01-15T00:00:00Z
C214,Kevin Garcia,kevin.garcia214@example.com,2023-11-18,mid_market,2026-01-15T00:00:00Z
C215,Patricia Scott,patricia.scott215@example.com,2023-06-03,mid_market,2026-01-15T00:00:00Z
C216,John Clark,john.clark216@example.com,2025-07-11,startup,2026-01-15T00:00:00Z
C217,Daniel Williams,daniel.williams217@example.com,2024-04-19,smb,2026-01-15T00:00:00Z
C218,Sharon Jackson,sharon.jackson218@example.com,2025-07-18,enterprise,2026-01-15T00:00:00Z
C219,Ruth Anderson,ruth.anderson219@example.com,2024-06-25,mid_market,2026-01-15T00:00:00Z
C220,Dorothy Davis,dorothy.davis220@example.com,2024-04-05,mid_market,2026-01-15T00:00:00Z
C221,Barbara Martinez,barbara.martinez221@example.com,2023-05-27,enterprise,2026-01-15T00:00:00Z
C222,William Martin,william.martin222@example.com,2024-08-14,startup,2026-01-15T00:00:00Z
C223,Lisa Robinson,lisa.robinson223@example.com,2024-09-14,startup,2026-01-15T00:00:00Z
C224,Barbara Allen,barbara.allen224@example.com,2025-10-08,startup,2026-01-15T00:00:00Z
C225,Emily Hill,emily.hill225@example.com,2023-03-23,startup,2026-01-15T00:00:00Z
C226,Michelle Lee,michelle.lee226@example.com,2024-05-27,enterprise,2026-01-15T00:00:00Z
C227,Emily Anderson,emily.anderson227@example.com,2023-02-12,smb,2026-01-15T00:00:00Z
C228,Kenneth Williams,kenneth.williams228@example.com,2023-12-25,startup,2026-01-15T00:00:00Z
C229,Betty Adams,betty.adams229@example.com,2025-06-24,smb,2026-01-15T00:00:00Z
C230,Patricia Nguyen,patricia.nguyen230@example.com,2025-06-11,startup,2026-01-15T00:00:00Z
C231,Emily Walker,emily.walker231@example.com,2024-12-13,startup,2026-01-15T00:00:00Z
C232,Susan Lee,susan.lee232@example.com,2023-08-03,mid_market,2026-01-15T00:00:00Z
C233,Susan Clark,susan.clark233@example.com,2025-10-11,smb,2026-01-15T00:00:00Z
C234,Kevin Sanchez,kevin.sanchez234@example.com,2023-03-17,startup,2026-01-15T00:00:00Z
C235,Emily Lee,emily.lee235@example.com,2024-05-31,smb,2026-01-15T00:00:00Z
C236,Lisa Roberts,lisa.roberts236@example.com,2025-04-07,enterprise,2026-01-15T00:00:00Z
C237,Kevin Wright,kevin.wright237@example.com,2025-08-04,startup,2026-01-15T00:00:00Z
C238,Sarah Gonzalez,sarah.gonzalez238@example.com,2025-11-27,smb,2026-01-15T00:00:00Z
C239,Donna Carter,donna.carter239@example.com,2025-10-17,startup,2026-01-15T00:00:00Z
C240,Ronald Brown,ronald.brown240@example.com,2024-02-21,smb,2026-01-15T00:00:00Z
C241,Helen Rodriguez,helen.rodriguez241@example.com,2024-08-12,startup,2026-01-15T00:00:00Z
C242,Brian Young,brian.young242@example.com,2023-09-06,enterprise,2026-01-15T00:00:00Z
C243,Joshua Hill,joshua.hill243@example.com,2024-05-05,mid_market,2026-01-15T00:00:00Z
C244,Elizabeth Scott,elizabeth.scott244@example.com,2023-01-29,startup,2026-01-15T00:00:00Z
C245,Emily Anderson,emily.anderson245@example.com,2023-08-21,startup,2026-01-15T00:00:00Z
C246,Lisa Adams,lisa.adams246@example.com,2023-11-12,startup,2026-01-15T00:00:00Z
C247,Sharon Jackson,sharon.jackson247@example.com,2025-11-08,smb,2026-01-15T00:00:00Z
C248,Andrew Walker,andrew.walker248@example.com,2025-08-25,mid_market,2026-01-15T00:00:00Z
C249,Nancy Scott,nancy.scott249@example.com,2023-10-24,startup,2026-01-15T00:00:00Z
C250,Richard Hill,richard.hill250@example.com,2025-11-06,mid_market,2026-01-15T00:00:00Z
C251,David Moore,david.moore251@example.com,2025-04-29,smb,2026-01-15T00:00:00Z
C252,Anthony Allen,anthony.allen252@example.com,2024-07-01,enterprise,2026-01-15T00:00:00Z
C253,Daniel Campbell,daniel.campbell253@example.com,2024-09-03,startup,2026-01-15T00:00:00Z
C254,Mary Lewis,mary.lewis254@example.com,2025-09-18,smb,2026-01-15T00:00:00Z
C255,Susan Scott,susan.scott255@example.com,2025-02-11,startup,2026-01-15T00:00:00Z
C256,Matthew Gonzalez,matthew.gonzalez256@example.com,2024-05-04,startup,2026-01-15T00:00:00Z
C257,Thomas Roberts,thomas.roberts257@example.com,2025-04-21,enterprise,2026-01-15T00:00:00Z
C258,Matthew Mitchell,matthew.mitchell258@example.com,2025-08-26,startup,2026-01-15T00:00:00Z
C259,Christopher Nelson,christopher.nelson259@example.com,2023-11-08,startup,2026-01-15T00:00:00Z
C260,Michael Rodriguez,michael.rodriguez260@example.com,2025-10-25,smb,2026-01-15T00:00:00Z
C261,Robert Lewis,robert.lewis261@example.com,2023-07-24,startup,2026-01-15T00:00:00Z
C262,John Campbell,john.campbell262@example.com,2023-10-23,startup,2026-01-15T00:00:00Z
C263,Carol Martinez,carol.martinez263@example.com,2023-06-03,startup,2026-01-15T00:00:00Z
C264,Anthony Taylor,anthony.taylor264@example.com,2024-11-24,startup,2026-01-15T00:00:00Z
C265,Carol Garcia,carol.garcia265@example.com,2024-11-03,startup,2026-01-15T00:00:00Z
C266,Matthew Green,matthew.green266@example.com,2025-09-26,enterprise,2026-01-15T00:00:00Z
C267,Donna Jones,donna.jones267@example.com,2024-04-25,smb,2026-01-15T00:00:00Z
C268,Thomas Mitchell,thomas.mitchell268@example.com,2023-07-05,startup,2026-01-15T00:00:00Z
C269,Robert Carter,robert.carter269@example.com,2023-07-25,startup,2026-01-15T00:00:00Z
C270,William Hall,william.hall270@example.com,2024-09-05,enterprise,2026-01-15T00:00:00Z
C271,Michael Lee,michael.lee271@example.com,2023-04-25,smb,2026-01-15T00:00:00Z
C272,Joseph White,joseph.white272@example.com,2025-06-01,mid_market,2026-01-15T00:00:00Z
C273,Linda King,linda.king273@example.com,2025-04-23,mid_market,2026-01-15T00:00:00Z
C274,William Lopez,william.lopez274@example.com,2023-06-11,startup,2026-01-15T00:00:00Z
C275,Donna Baker,donna.baker275@example.com,2024-05-08,startup,2026-01-15T00:00:00Z
C276,Sandra Martinez,sandra.martinez276@example.com,2024-04-20,startup,2026-01-15T00:00:00Z
C277,Joshua Taylor,joshua.taylor277@example.com,2025-07-30,smb,2026-01-15T00:00:00Z
C278,Kevin Smith,kevin.smith278@example.com,2025-08-10,smb,2026-01-15T00:00:00Z
C279,Ruth Wright,ruth.wright279@example.com,2023-11-20,enterprise,2026-01-15T00:00:00Z
C280,Mark Thompson,mark.thompson280@example.com,2024-09-04,startup,2026-01-15T00:00:00Z
C281,Brian Taylor,brian.taylor281@example.com,2025-07-24,smb,2026-01-15T00:00:00Z
C282,Richard Harris,richard.harris282@example.com,2025-09-16,enterprise,2026-01-15T00:00:00Z
C283,Linda Harris,linda.harris283@example.com,2025-01-05,smb,2026-01-15T00:00:00Z
C284,Brian Jackson,brian.jackson284@example.com,2023-02-14,startup,2026-01-15T00:00:00Z
C285,Barbara Smith,barbara.smith285@example.com,2023-04-11,startup,2026-01-15T00:00:00Z
C286,Daniel Roberts,daniel.roberts286@example.com,2024-04-16,smb,2026-01-15T00:00:00Z
C287,Thomas Green,thomas.green287@example.com,2024-01-25,smb,2026-01-15T00:00:00Z
C288,Ruth Carter,ruth.carter288@example.com,2023-10-08,enterprise,2026-01-15T00:00:00Z
C289,Joshua Adams,joshua.adams289@example.com,2023-03-22,smb,2026-01-15T00:00:00Z
C290,Anthony Lewis,anthony.lewis290@example.com,2023-03-10,smb,2026-01-15T00:00:00Z
C291,Edward Rodriguez,edward.rodriguez291@example.com,2023-07-04,smb,2026-01-15T00:00:00Z
C292,Matthew Mitchell,matthew.mitchell292@example.com,2025-04-30,mid_market,2026-01-15T00:00:00Z
C293,Richard Rodriguez,richard.rodriguez293@example.com,2025-01-19,smb,2026-01-15T00:00:00Z
C294,William Taylor,william.taylor294@example.com,2025-09-13,smb,2026-01-15T00:00:00Z
C295,Michelle Perez,michelle.perez295@example.com,2023-08-24,startup,2026-01-15T00:00:00Z
C296,David Martinez,david.martinez296@example.com,2024-04-07,startup,2026-01-15T00:00:00Z
C297,Rebecca Scott,rebecca.scott297@example.com,2025-01-19,enterprise,2026-01-15T00:00:00Z
C298,Anthony Sanchez,anthony.sanchez298@example.com,2023-01-29,smb,2026-01-15T00:00:00Z
C299,Paul Davis,paul.davis299@example.com,2025-07-20,smb,2026-01-15T00:00:00Z
C300,Ruth Mitchell,ruth.mitchell300@example.com,2024-06-20,startup,2026-01-15T00:00:00Z
C301,Joshua White,joshua.white301@example.com,2023-08-10,mid_market,2026-01-15T00:00:00Z
C302,Donald Johnson,donald.johnson302@example.com,2024-11-02,mid_market,2026-01-15T00:00:00Z
C303,Carol Jones,carol.jones303@example.com,2025-08-08,smb,2026-01-15T00:00:00Z
C304,Carol Clark,carol.clark304@example.com,2023-08-27,mid_market,2026-01-15T00:00:00Z
C305,Michael Williams,michael.williams305@example.com,2024-09-15,startup,2026-01-15T00:00:00Z
C306,Lisa Miller,lisa.miller306@example.com,2024-04-25,mid_market,2026-01-15T00:00:00Z
C307,Christopher Robinson,christopher.robinson307@example.com,2025-01-29,startup,2026-01-15T00:00:00Z
C308,Sandra Mitchell,sandra.mitchell308@example.com,2023-11-13,startup,2026-01-15T00:00:00Z
C309,Carol Miller,carol.miller309@example.com,2025-09-29,startup,2026-01-15T00:00:00Z
C310,Barbara Williams,barbara.williams310@example.com,2025-01-28,mid_market,2026-01-15T00:00:00Z
C311,Mark Lewis,mark.lewis311@example.com,2024-04-28,smb,2026-01-15T00:00:00Z
C312,Robert Baker,robert.baker312@example.com,2025-01-22,smb,2026-01-15T00:00:00Z
C313,Sarah Sanchez,sarah.sanchez313@example.com,2024-07-19,mid_market,2026-01-15T00:00:00Z
C314,Lisa Robinson,lisa.robinson314@example.com,2023-07-07,mid_market,2026-01-15T00:00:00Z
C315,Carol Green,carol.green315@example.com,2023-02-13,enterprise,2026-01-15T00:00:00Z
C316,Anthony Perez,anthony.perez316@example.com,2024-05-13,mid_market,2026-01-15T00:00:00Z
C317,Anthony Torres,anthony.torres317@example.com,2024-02-25,enterprise,2026-01-15T00:00:00Z
C318,Ronald Scott,ronald.scott318@example.com,2024-02-29,mid_market,2026-01-15T00:00:00Z
C319,Thomas Perez,thomas.perez319@example.com,2023-10-30,enterprise,2026-01-15T00:00:00Z
C320,Barbara Martinez,barbara.martinez320@example.com,2023-09-24,smb,2026-01-15T00:00:00Z
C321,Rebecca Lopez,rebecca.lopez321@example.com,2023-08-14,enterprise,2026-01-15T00:00:00Z
C322,James Smith,james.smith322@example.com,2025-01-03,mid_market,2026-01-15T00:00:00Z
C323,Sandra Lee,sandra.lee323@example.com,2023-02-02,mid_market,2026-01-15T00:00:00Z
C324,Charles Brown,charles.brown324@example.com,2023-09-17,startup,2026-01-15T00:00:00Z
C325,Betty Davis,betty.davis325@example.com,2023-05-11,startup,2026-01-15T00:00:00Z
C326,Mark Roberts,mark.roberts326@example.com,2025-01-11,enterprise,2026-01-15T00:00:00Z
C327,Mark Allen,mark.allen327@example.com,2024-03-29,enterprise,2026-01-15T00:00:00Z
C328,Edward Nelson,edward.nelson328@example.com,2025-12-03,smb,2026-01-15T00:00:00Z
C329,Nancy Adams,nancy.adams329@example.com,2023-03-05,enterprise,2026-01-15T00:00:00Z
C330,Donald Sanchez,donald.sanchez330@example.com,2025-05-23,enterprise,2026-01-15T00:00:00Z
C331,Karen Rivera,karen.rivera331@example.com,2025-06-27,enterprise,2026-01-15T00:00:00Z
C332,Emily Lee,emily.lee332@example.com,2023-10-31,enterprise,2026-01-15T00:00:00Z
C333,James Moore,james.moore333@example.com,2024-10-27,startup,2026-01-15T00:00:00Z
C334,George King,george.king334@example.com,2024-08-26,startup,2026-01-15T00:00:00Z
C335,Steven Hill,steven.hill335@example.com,2025-05-31,enterprise,2026-01-15T00:00:00Z
C336,Anthony Hall,anthony.hall336@example.com,2023-08-23,mid_market,2026-01-15T00:00:00Z
C337,Dorothy Lewis,dorothy.lewis337@example.com,2024-04-12,startup,2026-01-15T00:00:00Z
C338,Susan Robinson,susan.robinson338@example.com,2025-03-27,startup,2026-01-15T00:00:00Z
C339,Edward Miller,edward.miller339@example.com,2024-10-02,startup,2026-01-15T00:00:00Z
C340,Matthew Nelson,matthew.nelson340@example.com,2024-06-06,smb,2026-01-15T00:00:00Z
C341,Mary Baker,mary.baker341@example.com,2025-08-29,enterprise,2026-01-15T00:00:00Z
C342,Emily Garcia,emily.garcia342@example.com,2023-07-10,startup,2026-01-15T00:00:00Z
C343,Robert Mitchell,robert.mitchell343@example.com,2025-02-02,mid_market,2026-01-15T00:00:00Z
C344,Helen Brown,helen.brown344@example.com,2024-11-06,enterprise,2026-01-15T00:00:00Z
C345,Andrew Thompson,andrew.thompson345@example.com,2025-05-16,enterprise,2026-01-15T00:00:00Z
C346,Daniel Hill,daniel.hill346@example.com,2024-10-01,smb,2026-01-15T00:00:00Z
C347,Robert Torres,robert.torres347@example.com,2025-11-05,mid_market,2026-01-15T00:00:00Z
C348,Mary Nelson,mary.nelson348@example.com,2025-09-14,mid_market,2026-01-15T00:00:00Z
C349,Robert Thompson,robert.thompson349@example.com,2025-01-22,enterprise,2026-01-15T00:00:00Z
C350,Ronald Moore,ronald.moore350@example.com,2024-04-08,startup,2026-01-15T00:00:00Z
C351,Helen Roberts,helen.roberts351@example.com,2023-02-23,smb,2026-01-15T00:00:00Z
C352,Jane Lopez,jane.lopez352@example.com,2024-07-13,smb,2026-01-15T00:00:00Z
C353,Susan Thompson,susan.thompson353@example.com,2023-01-13,mid_market,2026-01-15T00:00:00Z
C354,Mary Torres,mary.torres354@example.com,2025-03-31,enterprise,2026-01-15T00:00:00Z
C355,Mary Mitchell,mary.mitchell355@example.com,2023-03-04,enterprise,2026-01-15T00:00:00Z
C356,Michelle King,michelle.king356@example.com,2024-03-16,startup,2026-01-15T00:00:00Z
C357,Andrew Robinson,andrew.robinson357@example.com,2024-11-29,mid_market,2026-01-15T00:00:00Z
C358,Jessica Martin,jessica.martin358@example.com,2024-10-26,enterprise,2026-01-15T00:00:00Z
C359,Sarah Martinez,sarah.martinez359@example.com,2023-11-19,enterprise,2026-01-15T00:00:00Z
C360,Ruth Garcia,ruth.garcia360@example.com,2024-07-11,startup,2026-01-15T00:00:00Z
C361,Kevin Ramirez,kevin.ramirez361@example.com,2025-09-21,startup,2026-01-15T00:00:00Z
C362,Andrew Moore,andrew.moore362@example.com,2024-03-17,enterprise,2026-01-15T00:00:00Z
C363,Joseph Ramirez,joseph.ramirez363@example.com,2023-08-16,smb,2026-01-15T00:00:00Z
C364,Ruth Baker,ruth.baker364@example.com,2025-09-23,smb,2026-01-15T00:00:00Z
C365,Michael Anderson,michael.anderson365@example.com,2025-03-20,enterprise,2026-01-15T00:00:00Z
C366,John Wilson,john.wilson366@example.com,2024-09-09,mid_market,2026-01-15T00:00:00Z
C367,Laura Rodriguez,laura.rodriguez367@example.com,2024-06-07,smb,2026-01-15T00:00:00Z
C368,Matthew Davis,matthew.davis368@example.com,2023-01-16,startup,2026-01-15T00:00:00Z
C369,Michelle Ramirez,michelle.ramirez369@example.com,2023-12-26,mid_market,2026-01-15T00:00:00Z
C370,Christopher Wright,christopher.wright370@example.com,2024-04-16,smb,2026-01-15T00:00:00Z
C371,David Sanchez,david.sanchez371@example.com,2023-03-28,startup,2026-01-15T00:00:00Z
C372,Jane Robinson,jane.robinson372@example.com,2023-06-09,smb,2026-01-15T00:00:00Z
C373,Kenneth Ramirez,kenneth.ramirez373@example.com,2025-04-08,startup,2026-01-15T00:00:00Z
C374,Daniel Davis,daniel.davis374@example.com,2025-04-09,enterprise,2026-01-15T00:00:00Z
C375,Matthew Hernandez,matthew.hernandez375@example.com,2025-07-31,smb,2026-01-15T00:00:00Z
C376,Emily Ramirez,emily.ramirez376@example.com,2023-08-05,mid_market,2026-01-15T00:00:00Z
C377,Dorothy Nguyen,dorothy.nguyen377@example.com,2025-03-31,enterprise,2026-01-15T00:00:00Z
C378,Margaret Martin,margaret.martin378@example.com,2024-11-26,mid_market,2026-01-15T00:00:00Z
C379,Susan Roberts,susan.roberts379@example.com,2023-12-11,enterprise,2026-01-15T00:00:00Z
C380,Steven Green,steven.green380@example.com,2023-08-22,mid_market,2026-01-15T00:00:00Z
C381,Laura Thompson,laura.thompson381@example.com,2024-12-20,mid_market,2026-01-15T00:00:00Z
C382,Linda Miller,linda.miller382@example.com,2023-10-27,smb,2026-01-15T00:00:00Z
C383,Richard Lopez,richard.lopez383@example.com,2023-11-10,enterprise,2026-01-15T00:00:00Z
C384,Patricia Roberts,patricia.roberts384@example.com,2025-10-08,startup,2026-01-15T00:00:00Z
C385,Ronald Torres,ronald.torres385@example.com,2025-07-08,smb,2026-01-15T00:00:00Z
C386,Joshua Lee,joshua.lee386@example.com,2023-11-06,startup,2026-01-15T00:00:00Z
C387,David Walker,david.walker387@example.com,2025-06-24,smb,2026-01-15T00:00:00Z
C388,Anthony Moore,anthony.moore388@example.com,2023-04-26,smb,2026-01-15T00:00:00Z
C389,Steven Jones,steven.jones389@example.com,2024-09-27,startup,2026-01-15T00:00:00Z
C390,Mark Williams,mark.williams390@example.com,2023-04-27,smb,2026-01-15T00:00:00Z
C391,Daniel Jones,daniel.jones391@example.com,2023-07-04,startup,2026-01-15T00:00:00Z
C392,Nancy Nguyen,nancy.nguyen392@example.com,2023-03-26,startup,2026-01-15T00:00:00Z
C393,Rebecca Torres,rebecca.torres393@example.com,2024-01-21,smb,2026-01-15T00:00:00Z
C394,George Walker,george.walker394@example.com,2025-10-23,mid_market,2026-01-15T00:00:00Z
C395,Sarah Lewis,sarah.lewis395@example.com,2023-07-31,smb,2026-01-15T00:00:00Z
C396,Sharon Garcia,sharon.garcia396@example.com,2025-10-30,mid_market,2026-01-15T00:00:00Z
C397,Michael Thomas,michael.thomas397@example.com,2025-06-15,startup,2026-01-15T00:00:00Z
C398,Betty King,betty.king398@example.com,2023-11-22,smb,2026-01-15T00:00:00Z
C399,Jessica Jackson,jessica.jackson399@example.com,2025-03-04,startup,2026-01-15T00:00:00Z
C400,Laura Perez,laura.perez400@example.com,2023-04-18,smb,2026-01-15T00:00:00Z
C401,David Perez,david.perez401@example.com,2023-07-13,startup,2026-01-15T00:00:00Z
C402,Daniel Taylor,daniel.taylor402@example.com,2023-11-04,smb,2026-01-15T00:00:00Z
C403,Emily Nguyen,emily.nguyen403@example.com,2023-10-17,smb,2026-01-15T00:00:00Z
C404,Elizabeth Adams,elizabeth.adams404@example.com,2025-03-13,mid_market,2026-01-15T00:00:00Z
C405,George Rivera,george.rivera405@example.com,2023-06-23,smb,2026-01-15T00:00:00Z
C406,Helen Harris,helen.harris406@example.com,2024-11-03,mid_market,2026-01-15T00:00:00Z
C407,Kevin Hall,kevin.hall407@example.com,2025-12-14,enterprise,2026-01-15T00:00:00Z
C408,Carol Nelson,carol.nelson408@example.com,2025-05-17,smb,2026-01-15T00:00:00Z
C409,Jane White,jane.white409@example.com,2024-09-24,mid_market,2026-01-15T00:00:00Z
C410,Jennifer Perez,jennifer.perez410@example.com,2025-09-22,mid_market,2026-01-15T00:00:00Z
C411,Thomas Rodriguez,thomas.rodriguez411@example.com,2023-11-14,enterprise,2026-01-15T00:00:00Z
C412,Daniel Miller,daniel.miller412@example.com,2025-11-05,enterprise,2026-01-15T00:00:00Z
C413,Kevin Perez,kevin.perez413@example.com,2023-09-26,startup,2026-01-15T00:00:00Z
C414,Mary Hernandez,mary.hernandez414@example.com,2024-01-06,mid_market,2026-01-15T00:00:00Z
C415,Edward Lewis,edward.lewis415@example.com,2023-03-31,startup,2026-01-15T00:00:00Z
C416,Jessica Baker,jessica.baker416@example.com,2024-05-01,startup,2026-01-15T00:00:00Z
C417,Donna Jackson,donna.jackson417@example.com,2025-07-08,mid_market,2026-01-15T00:00:00Z
C418,Paul Thomas,paul.thomas418@example.com,2024-09-25,startup,2026-01-15T00:00:00Z
C419,Richard White,richard.white419@example.com,2025-06-21,startup,2026-01-15T00:00:00Z
C420,Laura Jackson,laura.jackson420@example.com,2025-02-21,startup,2026-01-15T00:00:00Z
C421,William Gonzalez,william.gonzalez421@example.com,2023-10-11,smb,2026-01-15T00:00:00Z
C422,Sarah Adams,sarah.adams422@example.com,2025-09-11,smb,2026-01-15T00:00:00Z
C423,Helen Miller,helen.miller423@example.com,2025-11-22,enterprise,2026-01-15T00:00:00Z
C424,Daniel Garcia,daniel.garcia424@example.com,2023-11-25,smb,2026-01-15T00:00:00Z
C425,Mark Allen,mark.allen425@example.com,2023-10-29,startup,2026-01-15T00:00:00Z
C426,Emily Anderson,emily.anderson426@example.com,2025-07-12,smb,2026-01-15T00:00:00Z
C427,Jane Clark,jane.clark427@example.com,2023-04-20,startup,2026-01-15T00:00:00Z
C428,Steven White,steven.white428@example.com,2024-04-27,startup,2026-01-15T00:00:00Z
C429,Emily White,emily.white429@example.com,2024-04-04,enterprise,2026-01-15T00:00:00Z
C430,Matthew Miller,matthew.miller430@example.com,2024-11-17,mid_market,2026-01-15T00:00:00Z
C431,James Williams,james.williams431@example.com,2024-08-10,startup,2026-01-15T00:00:00Z
C432,Brian Rodriguez,brian.rodriguez432@example.com,2025-08-18,startup,2026-01-15T00:00:00Z
C433,Donna Smith,donna.smith433@example.com,2023-06-12,enterprise,2026-01-15T00:00:00Z
C434,Charles Wilson,charles.wilson434@example.com,2023-11-03,startup,2026-01-15T00:00:00Z
C435,Lisa Roberts,lisa.roberts435@example.com,2024-08-13,mid_market,2026-01-15T00:00:00Z
C436,Elizabeth Davis,elizabeth.davis436@example.com,2023-04-08,mid_market,2026-01-15T00:00:00Z
C437,Andrew Green,andrew.green437@example.com,2025-07-25,enterprise,2026-01-15T00:00:00Z
C438,Lisa Young,lisa.young438@example.com,2023-02-03,mid_market,2026-01-15T00:00:00Z
C439,Sharon Martinez,sharon.martinez439@example.com,2024-08-19,startup,2026-01-15T00:00:00Z
C440,John Flores,john.flores440@example.com,2024-12-23,mid_market,2026-01-15T00:00:00Z
C441,Kenneth Clark,kenneth.clark441@example.com,2024-01-19,enterprise,2026-01-15T00:00:00Z
C442,Betty White,betty.white442@example.com,2023-05-19,enterprise,2026-01-15T00:00:00Z
C443,Christopher Walker,christopher.walker443@example.com,2023-03-31,startup,2026-01-15T00:00:00Z
C444,Jessica Taylor,jessica.taylor444@example.com,2023-02-03,smb,2026-01-15T00:00:00Z
C445,Anthony Jones,anthony.jones445@example.com,2024-12-07,mid_market,2026-01-15T00:00:00Z
C446,Edward Nelson,edward.nelson446@example.com,2023-08-01,smb,2026-01-15T00:00:00Z
C447,James Williams,james.williams447@example.com,2024-12-22,smb,2026-01-15T00:00:00Z
C448,Carol Lopez,carol.lopez448@example.com,2025-08-09,startup,2026-01-15T00:00:00Z
C449,Joshua Lopez,joshua.lopez449@example.com,2023-10-04,enterprise,2026-01-15T00:00:00Z
C450,Sharon Roberts,sharon.roberts450@example.com,2025-07-26,enterprise,2026-01-15T00:00:00Z
C451,Daniel Gonzalez,daniel.gonzalez451@example.com,2023-03-31,mid_market,2026-01-15T00:00:00Z
C452,Michael Lee,michael.lee452@example.com,2024-09-27,startup,2026-01-15T00:00:00Z
C453,Paul Walker,paul.walker453@example.com,2024-06-02,enterprise,2026-01-15T00:00:00Z
C454,Ronald Adams,ronald.adams454@example.com,2024-01-27,smb,2026-01-15T00:00:00Z
C455,Joseph Roberts,joseph.roberts455@example.com,2023-04-08,smb,2026-01-15T00:00:00Z
C456,Barbara Davis,barbara.davis456@example.com,2025-01-23,startup,2026-01-15T00:00:00Z
C457,Margaret Mitchell,margaret.mitchell457@example.com,2025-06-19,startup,2026-01-15T00:00:00Z
C458,Susan Lopez,susan.lopez458@example.com,2025-10-13,startup,2026-01-15T00:00:00Z
C459,Jessica King,jessica.king459@example.com,2024-06-30,enterprise,2026-01-15T00:00:00Z
C460,Edward Ramirez,edward.ramirez460@example.com,2023-06-11,startup,2026-01-15T00:00:00Z
C461,George Lopez,george.lopez461@example.com,2024-08-24,smb,2026-01-15T00:00:00Z
C462,Robert Garcia,robert.garcia462@example.com,2024-11-02,smb,2026-01-15T00:00:00Z
C463,Elizabeth Lewis,elizabeth.lewis463@example.com,2025-05-22,mid_market,2026-01-15T00:00:00Z
C464,Brian Lewis,brian.lewis464@example.com,2024-12-20,startup,2026-01-15T00:00:00Z
C465,Michael Campbell,michael.campbell465@example.com,2024-12-23,startup,2026-01-15T00:00:00Z
C466,Barbara Green,barbara.green466@example.com,2023-04-28,enterprise,2026-01-15T00:00:00Z
C467,Kevin Green,kevin.green467@example.com,2025-04-11,smb,2026-01-15T00:00:00Z
C468,Steven Mitchell,steven.mitchell468@example.com,2023-11-24,enterprise,2026-01-15T00:00:00Z
C469,Mary Hill,mary.hill469@example.com,2025-06-16,enterprise,2026-01-15T00:00:00Z
C470,James Jones,james.jones470@example.com,2024-04-28,smb,2026-01-15T00:00:00Z
C471,Jessica Harris,jessica.harris471@example.com,2023-03-08,mid_market,2026-01-15T00:00:00Z
C472,Ruth Lewis,ruth.lewis472@example.com,2025-01-29,smb,2026-01-15T00:00:00Z
C473,Mark Carter,mark.carter473@example.com,2023-06-07,mid_market,2026-01-15T00:00:00Z
C474,Betty White,betty.white474@example.com,2025-03-26,smb,2026-01-15T00:00:00Z
C475,Carol Moore,carol.moore475@example.com,2024-05-26,enterprise,2026-01-15T00:00:00Z
C476,Jane Mitchell,jane.mitchell476@example.com,2024-01-17,startup,2026-01-15T00:00:00Z
C477,Betty Harris,betty.harris477@example.com,2023-08-30,smb,2026-01-15T00:00:00Z
C478,Laura Taylor,laura.taylor478@example.com,2025-07-02,mid_market,2026-01-15T00:00:00Z
C479,Donna Jackson,donna.jackson479@example.com,2025-10-02,mid_market,2026-01-15T00:00:00Z
C480,Lisa Rodriguez,lisa.rodriguez480@example.com,2023-06-01,startup,2026-01-15T00:00:00Z
C481,Patricia Rivera,patricia.rivera481@example.com,2025-06-30,enterprise,2026-01-15T00:00:00Z
C482,Rebecca Baker,rebecca.baker482@example.com,2024-10-16,smb,2026-01-15T00:00:00Z
C483,Sharon Jones,sharon.jones483@example.com,2024-08-17,smb,2026-01-15T00:00:00Z
C484,William Rivera,william.rivera484@example.com,2023-12-23,smb,2026-01-15T00:00:00Z
C485,Steven Anderson,steven.anderson485@example.com,2023-09-06,mid_market,2026-01-15T00:00:00Z
C486,Anthony Rodriguez,anthony.rodriguez486@example.com,2024-04-29,startup,2026-01-15T00:00:00Z
C487,Jane White,jane.white487@example.com,2025-01-25,startup,2026-01-15T00:00:00Z
C488,Rebecca Scott,rebecca.scott488@example.com,2023-09-23,enterprise,2026-01-15T00:00:00Z
C489,David Martin,david.martin489@example.com,2025-03-26,startup,2026-01-15T00:00:00Z
C490,Betty Clark,betty.clark490@example.com,2025-04-18,enterprise,2026-01-15T00:00:00Z
C491,James Lee,james.lee491@example.com,2023-06-01,startup,2026-01-15T00:00:00Z
C492,Nancy Baker,nancy.baker492@example.com,2025-11-25,smb,2026-01-15T00:00:00Z
C493,James Roberts,james.roberts493@example.com,2024-01-08,mid_market,2026-01-15T00:00:00Z
C494,Dorothy Allen,dorothy.allen494@example.com,2023-04-24,enterprise,2026-01-15T00:00:00Z
C495,Betty Martinez,betty.martinez495@example.com,2024-09-14,mid_market,2026-01-15T00:00:00Z
C496,William Lee,william.lee496@example.com,2024-04-06,smb,2026-01-15T00:00:00Z
C497,Betty Jackson,betty.jackson497@example.com,2023-06-11,smb,2026-01-15T00:00:00Z
C498,Richard Green,richard.green498@example.com,2024-07-16,mid_market,2026-01-15T00:00:00Z
C499,Joshua Martin,joshua.martin499@example.com,2025-12-28,enterprise,2026-01-15T00:00:00Z
C500,Steven Adams,steven.adams500@example.com,2023-12-12,mid_market,2026-01-15T00:00:00Z
